--
-- PostgreSQL database dump
--

-- Dumped from database version 10.15
-- Dumped by pg_dump version 10.15

-- Started on 2021-06-09 20:30:50

SET statement_timeout = 0;
SET lock_timeout = 0;
SET idle_in_transaction_session_timeout = 0;
SET client_encoding = 'UTF8';
SET standard_conforming_strings = on;
SELECT pg_catalog.set_config('search_path', '', false);
SET check_function_bodies = false;
SET xmloption = content;
SET client_min_messages = warning;
SET row_security = off;

--
-- TOC entry 1 (class 3079 OID 12924)
-- Name: plpgsql; Type: EXTENSION; Schema: -; Owner: 
--

CREATE EXTENSION IF NOT EXISTS plpgsql WITH SCHEMA pg_catalog;


--
-- TOC entry 2897 (class 0 OID 0)
-- Dependencies: 1
-- Name: EXTENSION plpgsql; Type: COMMENT; Schema: -; Owner: 
--

COMMENT ON EXTENSION plpgsql IS 'PL/pgSQL procedural language';


SET default_tablespace = '';

SET default_with_oids = false;

--
-- TOC entry 196 (class 1259 OID 24586)
-- Name: building; Type: TABLE; Schema: public; Owner: postgres
--

CREATE TABLE public.building (
    id_building integer NOT NULL,
    location character varying(50) NOT NULL,
    building_name character varying(100)
);


ALTER TABLE public.building OWNER TO postgres;

--
-- TOC entry 199 (class 1259 OID 24604)
-- Name: computer; Type: TABLE; Schema: public; Owner: postgres
--

CREATE TABLE public.computer (
    id_room integer NOT NULL,
    id_computer integer NOT NULL,
    computer_name_in_local_network character varying(50) NOT NULL
);


ALTER TABLE public.computer OWNER TO postgres;

--
-- TOC entry 204 (class 1259 OID 32820)
-- Name: computer_equipment; Type: TABLE; Schema: public; Owner: postgres
--

CREATE TABLE public.computer_equipment (
    computer_id integer NOT NULL,
    peripheral_equipment_id integer NOT NULL,
    note character varying(50)
);


ALTER TABLE public.computer_equipment OWNER TO postgres;

--
-- TOC entry 205 (class 1259 OID 32833)
-- Name: computer_os; Type: TABLE; Schema: public; Owner: postgres
--

CREATE TABLE public.computer_os (
    computer_id integer NOT NULL,
    os_id integer NOT NULL,
    priority_os integer NOT NULL
);


ALTER TABLE public.computer_os OWNER TO postgres;

--
-- TOC entry 198 (class 1259 OID 24599)
-- Name: office_equipment; Type: TABLE; Schema: public; Owner: postgres
--

CREATE TABLE public.office_equipment (
    id_office_equipment integer NOT NULL,
    id_room integer NOT NULL,
    warranty_card boolean NOT NULL,
    sample_name character varying(50) NOT NULL,
    id_type_office_equipment integer NOT NULL
);


ALTER TABLE public.office_equipment OWNER TO postgres;

--
-- TOC entry 201 (class 1259 OID 24614)
-- Name: operation_system; Type: TABLE; Schema: public; Owner: postgres
--

CREATE TABLE public.operation_system (
    idos integer NOT NULL,
    type_os_name character varying(50) NOT NULL
);


ALTER TABLE public.operation_system OWNER TO postgres;

--
-- TOC entry 200 (class 1259 OID 24609)
-- Name: peripheral_equipment; Type: TABLE; Schema: public; Owner: postgres
--

CREATE TABLE public.peripheral_equipment (
    id_peripheral_equipment integer NOT NULL,
    serial_number_of_the_equipment integer NOT NULL,
    model_of_equipment character varying(100) NOT NULL,
    id_type_peripheral_equipment integer NOT NULL
);


ALTER TABLE public.peripheral_equipment OWNER TO postgres;

--
-- TOC entry 203 (class 1259 OID 24627)
-- Name: program; Type: TABLE; Schema: public; Owner: postgres
--

CREATE TABLE public.program (
    id_program integer NOT NULL,
    installation_location character varying(100) NOT NULL,
    program_name character varying(50) NOT NULL,
    availability_of_the_installation_package boolean NOT NULL
);


ALTER TABLE public.program OWNER TO postgres;

--
-- TOC entry 197 (class 1259 OID 24591)
-- Name: room; Type: TABLE; Schema: public; Owner: postgres
--

CREATE TABLE public.room (
    id_room integer NOT NULL,
    id_building integer NOT NULL,
    room_name character varying NOT NULL,
    floor integer NOT NULL
);


ALTER TABLE public.room OWNER TO postgres;

--
-- TOC entry 208 (class 1259 OID 57353)
-- Name: software_installation; Type: TABLE; Schema: public; Owner: postgres
--

CREATE TABLE public.software_installation (
    software_installation_id integer NOT NULL,
    computer_id integer NOT NULL,
    date_of_installation date NOT NULL,
    program_size integer NOT NULL,
    program_id integer NOT NULL,
    specialists_id integer NOT NULL
);


ALTER TABLE public.software_installation OWNER TO postgres;

--
-- TOC entry 209 (class 1259 OID 65549)
-- Name: software_installation_software_installation_id_seq; Type: SEQUENCE; Schema: public; Owner: postgres
--

ALTER TABLE public.software_installation ALTER COLUMN software_installation_id ADD GENERATED BY DEFAULT AS IDENTITY (
    SEQUENCE NAME public.software_installation_software_installation_id_seq
    START WITH 44
    INCREMENT BY 1
    NO MINVALUE
    NO MAXVALUE
    CACHE 1
);


--
-- TOC entry 202 (class 1259 OID 24622)
-- Name: specialists; Type: TABLE; Schema: public; Owner: postgres
--

CREATE TABLE public.specialists (
    id_specialist integer NOT NULL,
    name character varying(50) NOT NULL,
    surname character varying(50) NOT NULL,
    email character varying(50) NOT NULL
);


ALTER TABLE public.specialists OWNER TO postgres;

--
-- TOC entry 207 (class 1259 OID 40982)
-- Name: type_of_peripheral_equipment; Type: TABLE; Schema: public; Owner: postgres
--

CREATE TABLE public.type_of_peripheral_equipment (
    id_type_peripheral_equipment integer NOT NULL,
    name_type_peripheral_equipment character varying(50) NOT NULL
);


ALTER TABLE public.type_of_peripheral_equipment OWNER TO postgres;

--
-- TOC entry 206 (class 1259 OID 40969)
-- Name: type_of_the_office_equipment; Type: TABLE; Schema: public; Owner: postgres
--

CREATE TABLE public.type_of_the_office_equipment (
    id_type_office_equipment integer NOT NULL,
    name_type_office_equipmrnt character varying NOT NULL
);


ALTER TABLE public.type_of_the_office_equipment OWNER TO postgres;

--
-- TOC entry 2876 (class 0 OID 24586)
-- Dependencies: 196
-- Data for Name: building; Type: TABLE DATA; Schema: public; Owner: postgres
--

INSERT INTO public.building (id_building, location, building_name) VALUES (1, 'вулиця Кирпичова, 16', 'У2');
INSERT INTO public.building (id_building, location, building_name) VALUES (2, 'вулиця Кирпичова, 2', 'IT center');


--
-- TOC entry 2879 (class 0 OID 24604)
-- Dependencies: 199
-- Data for Name: computer; Type: TABLE DATA; Schema: public; Owner: postgres
--

INSERT INTO public.computer (id_room, id_computer, computer_name_in_local_network) VALUES (1, 1, 'Desktop 1');
INSERT INTO public.computer (id_room, id_computer, computer_name_in_local_network) VALUES (1, 2, 'Desktop 2');
INSERT INTO public.computer (id_room, id_computer, computer_name_in_local_network) VALUES (1, 3, 'Desktop 3');
INSERT INTO public.computer (id_room, id_computer, computer_name_in_local_network) VALUES (1, 4, 'Desktop 4');
INSERT INTO public.computer (id_room, id_computer, computer_name_in_local_network) VALUES (1, 5, 'Desktop 5');
INSERT INTO public.computer (id_room, id_computer, computer_name_in_local_network) VALUES (1, 6, 'Desktop 6');
INSERT INTO public.computer (id_room, id_computer, computer_name_in_local_network) VALUES (1, 7, 'Desktop 7');
INSERT INTO public.computer (id_room, id_computer, computer_name_in_local_network) VALUES (1, 8, 'Desktop 8');
INSERT INTO public.computer (id_room, id_computer, computer_name_in_local_network) VALUES (1, 9, 'Desktop 9');
INSERT INTO public.computer (id_room, id_computer, computer_name_in_local_network) VALUES (1, 10, 'Desktop 10');
INSERT INTO public.computer (id_room, id_computer, computer_name_in_local_network) VALUES (2, 11, 'Desktop 1');
INSERT INTO public.computer (id_room, id_computer, computer_name_in_local_network) VALUES (2, 12, 'Desktop 2');
INSERT INTO public.computer (id_room, id_computer, computer_name_in_local_network) VALUES (2, 13, 'Desktop 3');
INSERT INTO public.computer (id_room, id_computer, computer_name_in_local_network) VALUES (2, 14, 'Desktop 4');
INSERT INTO public.computer (id_room, id_computer, computer_name_in_local_network) VALUES (2, 15, 'Desktop 5');
INSERT INTO public.computer (id_room, id_computer, computer_name_in_local_network) VALUES (2, 16, 'Desktop 6');
INSERT INTO public.computer (id_room, id_computer, computer_name_in_local_network) VALUES (2, 17, 'Desktop 7');
INSERT INTO public.computer (id_room, id_computer, computer_name_in_local_network) VALUES (2, 18, 'Desktop 8');
INSERT INTO public.computer (id_room, id_computer, computer_name_in_local_network) VALUES (2, 19, 'Desktop 9');
INSERT INTO public.computer (id_room, id_computer, computer_name_in_local_network) VALUES (2, 20, 'Desktop 10');


--
-- TOC entry 2884 (class 0 OID 32820)
-- Dependencies: 204
-- Data for Name: computer_equipment; Type: TABLE DATA; Schema: public; Owner: postgres
--

INSERT INTO public.computer_equipment (computer_id, peripheral_equipment_id, note) VALUES (1, 2, NULL);
INSERT INTO public.computer_equipment (computer_id, peripheral_equipment_id, note) VALUES (1, 4, NULL);
INSERT INTO public.computer_equipment (computer_id, peripheral_equipment_id, note) VALUES (1, 5, NULL);
INSERT INTO public.computer_equipment (computer_id, peripheral_equipment_id, note) VALUES (2, 1, NULL);
INSERT INTO public.computer_equipment (computer_id, peripheral_equipment_id, note) VALUES (2, 2, NULL);
INSERT INTO public.computer_equipment (computer_id, peripheral_equipment_id, note) VALUES (2, 3, NULL);
INSERT INTO public.computer_equipment (computer_id, peripheral_equipment_id, note) VALUES (3, 1, NULL);
INSERT INTO public.computer_equipment (computer_id, peripheral_equipment_id, note) VALUES (3, 3, NULL);
INSERT INTO public.computer_equipment (computer_id, peripheral_equipment_id, note) VALUES (3, 5, NULL);
INSERT INTO public.computer_equipment (computer_id, peripheral_equipment_id, note) VALUES (5, 1, NULL);
INSERT INTO public.computer_equipment (computer_id, peripheral_equipment_id, note) VALUES (5, 3, NULL);
INSERT INTO public.computer_equipment (computer_id, peripheral_equipment_id, note) VALUES (5, 5, NULL);
INSERT INTO public.computer_equipment (computer_id, peripheral_equipment_id, note) VALUES (6, 1, NULL);
INSERT INTO public.computer_equipment (computer_id, peripheral_equipment_id, note) VALUES (6, 2, NULL);
INSERT INTO public.computer_equipment (computer_id, peripheral_equipment_id, note) VALUES (6, 3, NULL);
INSERT INTO public.computer_equipment (computer_id, peripheral_equipment_id, note) VALUES (6, 4, NULL);
INSERT INTO public.computer_equipment (computer_id, peripheral_equipment_id, note) VALUES (6, 5, NULL);
INSERT INTO public.computer_equipment (computer_id, peripheral_equipment_id, note) VALUES (6, 5, '');
INSERT INTO public.computer_equipment (computer_id, peripheral_equipment_id, note) VALUES (7, 1, '');
INSERT INTO public.computer_equipment (computer_id, peripheral_equipment_id, note) VALUES (7, 3, '');
INSERT INTO public.computer_equipment (computer_id, peripheral_equipment_id, note) VALUES (8, 4, '');
INSERT INTO public.computer_equipment (computer_id, peripheral_equipment_id, note) VALUES (8, 2, '');
INSERT INTO public.computer_equipment (computer_id, peripheral_equipment_id, note) VALUES (9, 1, '');
INSERT INTO public.computer_equipment (computer_id, peripheral_equipment_id, note) VALUES (9, 2, '');
INSERT INTO public.computer_equipment (computer_id, peripheral_equipment_id, note) VALUES (9, 3, '');
INSERT INTO public.computer_equipment (computer_id, peripheral_equipment_id, note) VALUES (10, 4, '');
INSERT INTO public.computer_equipment (computer_id, peripheral_equipment_id, note) VALUES (10, 5, '');
INSERT INTO public.computer_equipment (computer_id, peripheral_equipment_id, note) VALUES (10, 1, '');


--
-- TOC entry 2885 (class 0 OID 32833)
-- Dependencies: 205
-- Data for Name: computer_os; Type: TABLE DATA; Schema: public; Owner: postgres
--

INSERT INTO public.computer_os (computer_id, os_id, priority_os) VALUES (1, 1, 1);
INSERT INTO public.computer_os (computer_id, os_id, priority_os) VALUES (2, 1, 1);
INSERT INTO public.computer_os (computer_id, os_id, priority_os) VALUES (2, 3, 2);
INSERT INTO public.computer_os (computer_id, os_id, priority_os) VALUES (3, 1, 1);
INSERT INTO public.computer_os (computer_id, os_id, priority_os) VALUES (3, 3, 2);
INSERT INTO public.computer_os (computer_id, os_id, priority_os) VALUES (4, 1, 2);
INSERT INTO public.computer_os (computer_id, os_id, priority_os) VALUES (4, 2, 1);
INSERT INTO public.computer_os (computer_id, os_id, priority_os) VALUES (5, 1, 1);
INSERT INTO public.computer_os (computer_id, os_id, priority_os) VALUES (6, 3, 1);
INSERT INTO public.computer_os (computer_id, os_id, priority_os) VALUES (7, 4, 1);
INSERT INTO public.computer_os (computer_id, os_id, priority_os) VALUES (8, 4, 1);
INSERT INTO public.computer_os (computer_id, os_id, priority_os) VALUES (8, 3, 2);
INSERT INTO public.computer_os (computer_id, os_id, priority_os) VALUES (9, 5, 1);
INSERT INTO public.computer_os (computer_id, os_id, priority_os) VALUES (10, 5, 1);
INSERT INTO public.computer_os (computer_id, os_id, priority_os) VALUES (11, 1, 1);
INSERT INTO public.computer_os (computer_id, os_id, priority_os) VALUES (12, 1, 1);
INSERT INTO public.computer_os (computer_id, os_id, priority_os) VALUES (13, 1, 1);
INSERT INTO public.computer_os (computer_id, os_id, priority_os) VALUES (14, 1, 1);
INSERT INTO public.computer_os (computer_id, os_id, priority_os) VALUES (15, 1, 1);
INSERT INTO public.computer_os (computer_id, os_id, priority_os) VALUES (16, 1, 1);
INSERT INTO public.computer_os (computer_id, os_id, priority_os) VALUES (16, 2, 2);
INSERT INTO public.computer_os (computer_id, os_id, priority_os) VALUES (16, 3, 3);
INSERT INTO public.computer_os (computer_id, os_id, priority_os) VALUES (17, 3, 1);
INSERT INTO public.computer_os (computer_id, os_id, priority_os) VALUES (18, 2, 1);
INSERT INTO public.computer_os (computer_id, os_id, priority_os) VALUES (19, 3, 1);
INSERT INTO public.computer_os (computer_id, os_id, priority_os) VALUES (20, 4, 1);


--
-- TOC entry 2878 (class 0 OID 24599)
-- Dependencies: 198
-- Data for Name: office_equipment; Type: TABLE DATA; Schema: public; Owner: postgres
--

INSERT INTO public.office_equipment (id_office_equipment, id_room, warranty_card, sample_name, id_type_office_equipment) VALUES (1, 1, true, 'Canon PIXMA Ink Efficiency E414', 2);
INSERT INTO public.office_equipment (id_office_equipment, id_room, warranty_card, sample_name, id_type_office_equipment) VALUES (2, 1, true, 'Led Projector YG300 с динамиком White/Yellow', 3);
INSERT INTO public.office_equipment (id_office_equipment, id_room, warranty_card, sample_name, id_type_office_equipment) VALUES (3, 2, true, 'PIXMA Ink Efficiency E414', 5);
INSERT INTO public.office_equipment (id_office_equipment, id_room, warranty_card, sample_name, id_type_office_equipment) VALUES (4, 3, true, 'LedProjector E500 (basic version) Silver-Black', 3);
INSERT INTO public.office_equipment (id_office_equipment, id_room, warranty_card, sample_name, id_type_office_equipment) VALUES (5, 4, true, 'XEROX Phaser 3020BI', 2);
INSERT INTO public.office_equipment (id_office_equipment, id_room, warranty_card, sample_name, id_type_office_equipment) VALUES (6, 5, true, 'Canon CanoScan LiDE 300', 1);
INSERT INTO public.office_equipment (id_office_equipment, id_room, warranty_card, sample_name, id_type_office_equipment) VALUES (7, 6, true, 'HP LaserJet Pro M15a', 2);
INSERT INTO public.office_equipment (id_office_equipment, id_room, warranty_card, sample_name, id_type_office_equipment) VALUES (8, 6, true, 'Cheerlux C9 Pro Android WiFi Bluetooth', 3);
INSERT INTO public.office_equipment (id_office_equipment, id_room, warranty_card, sample_name, id_type_office_equipment) VALUES (9, 8, true, 'HP DeskJet 2720 with Wi-Fi', 5);
INSERT INTO public.office_equipment (id_office_equipment, id_room, warranty_card, sample_name, id_type_office_equipment) VALUES (10, 9, true, 'Panasonic KX-FT 982 UA-B Black', 4);
INSERT INTO public.office_equipment (id_office_equipment, id_room, warranty_card, sample_name, id_type_office_equipment) VALUES (11, 10, true, 'A4 Epson Perfection V19', 1);


--
-- TOC entry 2881 (class 0 OID 24614)
-- Dependencies: 201
-- Data for Name: operation_system; Type: TABLE DATA; Schema: public; Owner: postgres
--

INSERT INTO public.operation_system (idos, type_os_name) VALUES (1, 'Windows 10');
INSERT INTO public.operation_system (idos, type_os_name) VALUES (2, 'Linux');
INSERT INTO public.operation_system (idos, type_os_name) VALUES (3, 'Windows 7');
INSERT INTO public.operation_system (idos, type_os_name) VALUES (4, 'Windows 8');
INSERT INTO public.operation_system (idos, type_os_name) VALUES (5, 'Mac OS');


--
-- TOC entry 2880 (class 0 OID 24609)
-- Dependencies: 200
-- Data for Name: peripheral_equipment; Type: TABLE DATA; Schema: public; Owner: postgres
--

INSERT INTO public.peripheral_equipment (id_peripheral_equipment, serial_number_of_the_equipment, model_of_equipment, id_type_peripheral_equipment) VALUES (1, 124567, 'Acer KA252Qbmix', 2);
INSERT INTO public.peripheral_equipment (id_peripheral_equipment, serial_number_of_the_equipment, model_of_equipment, id_type_peripheral_equipment) VALUES (2, 4235867, 'A4Tech KV-300H USB', 1);
INSERT INTO public.peripheral_equipment (id_peripheral_equipment, serial_number_of_the_equipment, model_of_equipment, id_type_peripheral_equipment) VALUES (3, 8569745, 'Razer DeathAdder Essential USB Black', 1);
INSERT INTO public.peripheral_equipment (id_peripheral_equipment, serial_number_of_the_equipment, model_of_equipment, id_type_peripheral_equipment) VALUES (4, 7245689, 'Verbatim Store n Go 1TB 53023 2.5" USB 3.0 External Blister Black', 3);
INSERT INTO public.peripheral_equipment (id_peripheral_equipment, serial_number_of_the_equipment, model_of_equipment, id_type_peripheral_equipment) VALUES (5, 35678246, 'HyperX Quadcast', 1);


--
-- TOC entry 2883 (class 0 OID 24627)
-- Dependencies: 203
-- Data for Name: program; Type: TABLE DATA; Schema: public; Owner: postgres
--

INSERT INTO public.program (id_program, installation_location, program_name, availability_of_the_installation_package) VALUES (1, 'C\Program Files', 'Intellij IDEA Java', true);
INSERT INTO public.program (id_program, installation_location, program_name, availability_of_the_installation_package) VALUES (2, 'C\Program Files', 'NetBeans
', true);
INSERT INTO public.program (id_program, installation_location, program_name, availability_of_the_installation_package) VALUES (3, 'C\Program Files', 'Edraw', true);
INSERT INTO public.program (id_program, installation_location, program_name, availability_of_the_installation_package) VALUES (4, 'C\Program Files', 'XAMPP', true);
INSERT INTO public.program (id_program, installation_location, program_name, availability_of_the_installation_package) VALUES (5, 'C\Program Files', 'Visual Paradigm', true);
INSERT INTO public.program (id_program, installation_location, program_name, availability_of_the_installation_package) VALUES (6, 'C\Program Files', 'Libre Office', true);
INSERT INTO public.program (id_program, installation_location, program_name, availability_of_the_installation_package) VALUES (7, 'C\Program Files', 'Openproj', true);
INSERT INTO public.program (id_program, installation_location, program_name, availability_of_the_installation_package) VALUES (8, 'C\Program Files', 'Ramus Education', true);
INSERT INTO public.program (id_program, installation_location, program_name, availability_of_the_installation_package) VALUES (9, 'C\Program Files', 'Eclipse Java', true);
INSERT INTO public.program (id_program, installation_location, program_name, availability_of_the_installation_package) VALUES (10, 'C\Program Files', 'VS 2012/2017 C++, C#', true);


--
-- TOC entry 2877 (class 0 OID 24591)
-- Dependencies: 197
-- Data for Name: room; Type: TABLE DATA; Schema: public; Owner: postgres
--

INSERT INTO public.room (id_room, id_building, room_name, floor) VALUES (1, 1, '719', 7);
INSERT INTO public.room (id_room, id_building, room_name, floor) VALUES (4, 1, '504', 5);
INSERT INTO public.room (id_room, id_building, room_name, floor) VALUES (6, 2, '202', 2);
INSERT INTO public.room (id_room, id_building, room_name, floor) VALUES (7, 2, '303', 3);
INSERT INTO public.room (id_room, id_building, room_name, floor) VALUES (8, 2, '103', 1);
INSERT INTO public.room (id_room, id_building, room_name, floor) VALUES (9, 2, '105', 1);
INSERT INTO public.room (id_room, id_building, room_name, floor) VALUES (10, 2, '204', 2);
INSERT INTO public.room (id_room, id_building, room_name, floor) VALUES (2, 1, '717', 7);
INSERT INTO public.room (id_room, id_building, room_name, floor) VALUES (3, 1, '617', 6);
INSERT INTO public.room (id_room, id_building, room_name, floor) VALUES (5, 1, '717', 7);


--
-- TOC entry 2888 (class 0 OID 57353)
-- Dependencies: 208
-- Data for Name: software_installation; Type: TABLE DATA; Schema: public; Owner: postgres
--

INSERT INTO public.software_installation (software_installation_id, computer_id, date_of_installation, program_size, program_id, specialists_id) VALUES (5, 1, '2021-02-12', 12, 6, 1);
INSERT INTO public.software_installation (software_installation_id, computer_id, date_of_installation, program_size, program_id, specialists_id) VALUES (6, 2, '2021-02-12', 12, 1, 2);
INSERT INTO public.software_installation (software_installation_id, computer_id, date_of_installation, program_size, program_id, specialists_id) VALUES (7, 2, '2021-02-12', 12, 4, 2);
INSERT INTO public.software_installation (software_installation_id, computer_id, date_of_installation, program_size, program_id, specialists_id) VALUES (8, 2, '2021-02-12', 12, 7, 2);
INSERT INTO public.software_installation (software_installation_id, computer_id, date_of_installation, program_size, program_id, specialists_id) VALUES (9, 2, '2021-02-12', 12, 10, 2);
INSERT INTO public.software_installation (software_installation_id, computer_id, date_of_installation, program_size, program_id, specialists_id) VALUES (10, 3, '2021-02-12', 12, 2, 3);
INSERT INTO public.software_installation (software_installation_id, computer_id, date_of_installation, program_size, program_id, specialists_id) VALUES (11, 3, '2021-02-12', 12, 5, 3);
INSERT INTO public.software_installation (software_installation_id, computer_id, date_of_installation, program_size, program_id, specialists_id) VALUES (12, 3, '2021-02-12', 12, 7, 3);
INSERT INTO public.software_installation (software_installation_id, computer_id, date_of_installation, program_size, program_id, specialists_id) VALUES (13, 3, '2021-02-12', 12, 9, 3);
INSERT INTO public.software_installation (software_installation_id, computer_id, date_of_installation, program_size, program_id, specialists_id) VALUES (14, 4, '2021-02-12', 12, 2, 4);
INSERT INTO public.software_installation (software_installation_id, computer_id, date_of_installation, program_size, program_id, specialists_id) VALUES (15, 4, '2021-02-12', 12, 4, 4);
INSERT INTO public.software_installation (software_installation_id, computer_id, date_of_installation, program_size, program_id, specialists_id) VALUES (16, 4, '2021-02-12', 12, 6, 4);
INSERT INTO public.software_installation (software_installation_id, computer_id, date_of_installation, program_size, program_id, specialists_id) VALUES (17, 4, '2021-02-12', 12, 8, 4);
INSERT INTO public.software_installation (software_installation_id, computer_id, date_of_installation, program_size, program_id, specialists_id) VALUES (18, 4, '2021-02-12', 12, 10, 4);
INSERT INTO public.software_installation (software_installation_id, computer_id, date_of_installation, program_size, program_id, specialists_id) VALUES (19, 5, '2021-02-12', 12, 1, 5);
INSERT INTO public.software_installation (software_installation_id, computer_id, date_of_installation, program_size, program_id, specialists_id) VALUES (20, 5, '2021-02-12', 12, 3, 5);
INSERT INTO public.software_installation (software_installation_id, computer_id, date_of_installation, program_size, program_id, specialists_id) VALUES (21, 5, '2021-02-12', 12, 5, 5);
INSERT INTO public.software_installation (software_installation_id, computer_id, date_of_installation, program_size, program_id, specialists_id) VALUES (22, 5, '2021-02-12', 12, 7, 5);
INSERT INTO public.software_installation (software_installation_id, computer_id, date_of_installation, program_size, program_id, specialists_id) VALUES (23, 5, '2021-02-12', 12, 9, 5);
INSERT INTO public.software_installation (software_installation_id, computer_id, date_of_installation, program_size, program_id, specialists_id) VALUES (24, 6, '2021-02-12', 12, 2, 1);
INSERT INTO public.software_installation (software_installation_id, computer_id, date_of_installation, program_size, program_id, specialists_id) VALUES (25, 6, '2021-02-12', 12, 4, 1);
INSERT INTO public.software_installation (software_installation_id, computer_id, date_of_installation, program_size, program_id, specialists_id) VALUES (26, 6, '2021-02-12', 12, 6, 2);
INSERT INTO public.software_installation (software_installation_id, computer_id, date_of_installation, program_size, program_id, specialists_id) VALUES (27, 7, '2021-02-12', 12, 8, 2);
INSERT INTO public.software_installation (software_installation_id, computer_id, date_of_installation, program_size, program_id, specialists_id) VALUES (28, 7, '2021-02-12', 12, 10, 2);
INSERT INTO public.software_installation (software_installation_id, computer_id, date_of_installation, program_size, program_id, specialists_id) VALUES (29, 8, '2021-02-12', 12, 1, 3);
INSERT INTO public.software_installation (software_installation_id, computer_id, date_of_installation, program_size, program_id, specialists_id) VALUES (30, 8, '2021-02-12', 15, 5, 3);
INSERT INTO public.software_installation (software_installation_id, computer_id, date_of_installation, program_size, program_id, specialists_id) VALUES (31, 8, '2021-02-12', 30, 7, 3);
INSERT INTO public.software_installation (software_installation_id, computer_id, date_of_installation, program_size, program_id, specialists_id) VALUES (32, 8, '2021-02-12', 9, 9, 3);
INSERT INTO public.software_installation (software_installation_id, computer_id, date_of_installation, program_size, program_id, specialists_id) VALUES (33, 9, '2021-02-12', 9, 1, 1);
INSERT INTO public.software_installation (software_installation_id, computer_id, date_of_installation, program_size, program_id, specialists_id) VALUES (34, 9, '2021-02-12', 10, 3, 2);
INSERT INTO public.software_installation (software_installation_id, computer_id, date_of_installation, program_size, program_id, specialists_id) VALUES (35, 9, '2021-02-12', 14, 5, 2);
INSERT INTO public.software_installation (software_installation_id, computer_id, date_of_installation, program_size, program_id, specialists_id) VALUES (36, 9, '2021-02-12', 20, 9, 2);
INSERT INTO public.software_installation (software_installation_id, computer_id, date_of_installation, program_size, program_id, specialists_id) VALUES (37, 9, '2021-02-12', 20, 10, 2);
INSERT INTO public.software_installation (software_installation_id, computer_id, date_of_installation, program_size, program_id, specialists_id) VALUES (38, 10, '2021-02-12', 25, 1, 6);
INSERT INTO public.software_installation (software_installation_id, computer_id, date_of_installation, program_size, program_id, specialists_id) VALUES (39, 10, '2021-02-12', 25, 6, 6);
INSERT INTO public.software_installation (software_installation_id, computer_id, date_of_installation, program_size, program_id, specialists_id) VALUES (40, 10, '2021-02-12', 25, 7, 6);
INSERT INTO public.software_installation (software_installation_id, computer_id, date_of_installation, program_size, program_id, specialists_id) VALUES (41, 10, '2021-02-12', 25, 8, 6);
INSERT INTO public.software_installation (software_installation_id, computer_id, date_of_installation, program_size, program_id, specialists_id) VALUES (42, 10, '2021-02-12', 25, 9, 6);
INSERT INTO public.software_installation (software_installation_id, computer_id, date_of_installation, program_size, program_id, specialists_id) VALUES (43, 10, '2021-02-12', 25, 10, 6);
INSERT INTO public.software_installation (software_installation_id, computer_id, date_of_installation, program_size, program_id, specialists_id) VALUES (1, 1, '2021-05-21', 10, 1, 1);
INSERT INTO public.software_installation (software_installation_id, computer_id, date_of_installation, program_size, program_id, specialists_id) VALUES (2, 1, '2021-12-12', 12, 9, 3);
INSERT INTO public.software_installation (software_installation_id, computer_id, date_of_installation, program_size, program_id, specialists_id) VALUES (3, 1, '2021-12-12', 12, 3, 1);
INSERT INTO public.software_installation (software_installation_id, computer_id, date_of_installation, program_size, program_id, specialists_id) VALUES (4, 1, '2021-02-12', 14, 7, 1);
INSERT INTO public.software_installation (software_installation_id, computer_id, date_of_installation, program_size, program_id, specialists_id) VALUES (44, 1, '2021-05-20', 10, 8, 6);


--
-- TOC entry 2882 (class 0 OID 24622)
-- Dependencies: 202
-- Data for Name: specialists; Type: TABLE DATA; Schema: public; Owner: postgres
--

INSERT INTO public.specialists (id_specialist, name, surname, email) VALUES (1, 'Іван', 'Іванов', 'ivanov123@gmail.com');
INSERT INTO public.specialists (id_specialist, name, surname, email) VALUES (2, 'Антон', 'Гусев', 'gussev3498@gmail.com');
INSERT INTO public.specialists (id_specialist, name, surname, email) VALUES (3, 'Анна', 'Громова', 'angrom@gmail.com');
INSERT INTO public.specialists (id_specialist, name, surname, email) VALUES (4, 'Катерина', 'Савицька', 'katesavickay@gmail.com');
INSERT INTO public.specialists (id_specialist, name, surname, email) VALUES (5, 'Петро', 'Наумов', 'petronaumov@gmail.com');
INSERT INTO public.specialists (id_specialist, name, surname, email) VALUES (6, 'Констянтин', 'Бобров', 'kostyabobr@gmail.com');


--
-- TOC entry 2887 (class 0 OID 40982)
-- Dependencies: 207
-- Data for Name: type_of_peripheral_equipment; Type: TABLE DATA; Schema: public; Owner: postgres
--

INSERT INTO public.type_of_peripheral_equipment (id_type_peripheral_equipment, name_type_peripheral_equipment) VALUES (1, 'Пристрої введення');
INSERT INTO public.type_of_peripheral_equipment (id_type_peripheral_equipment, name_type_peripheral_equipment) VALUES (2, 'Пристрої виведення');
INSERT INTO public.type_of_peripheral_equipment (id_type_peripheral_equipment, name_type_peripheral_equipment) VALUES (3, 'Пристрої зберігання');


--
-- TOC entry 2886 (class 0 OID 40969)
-- Dependencies: 206
-- Data for Name: type_of_the_office_equipment; Type: TABLE DATA; Schema: public; Owner: postgres
--

INSERT INTO public.type_of_the_office_equipment (id_type_office_equipment, name_type_office_equipmrnt) VALUES (1, 'Сканер');
INSERT INTO public.type_of_the_office_equipment (id_type_office_equipment, name_type_office_equipmrnt) VALUES (2, 'Прінтер');
INSERT INTO public.type_of_the_office_equipment (id_type_office_equipment, name_type_office_equipmrnt) VALUES (3, 'Графічний дисплей');
INSERT INTO public.type_of_the_office_equipment (id_type_office_equipment, name_type_office_equipmrnt) VALUES (4, 'Факс');
INSERT INTO public.type_of_the_office_equipment (id_type_office_equipment, name_type_office_equipmrnt) VALUES (5, 'Ксерокс');


--
-- TOC entry 2898 (class 0 OID 0)
-- Dependencies: 209
-- Name: software_installation_software_installation_id_seq; Type: SEQUENCE SET; Schema: public; Owner: postgres
--

SELECT pg_catalog.setval('public.software_installation_software_installation_id_seq', 45, true);


--
-- TOC entry 2722 (class 2606 OID 24590)
-- Name: building Building_pkey; Type: CONSTRAINT; Schema: public; Owner: postgres
--

ALTER TABLE ONLY public.building
    ADD CONSTRAINT "Building_pkey" PRIMARY KEY (id_building);


--
-- TOC entry 2728 (class 2606 OID 24608)
-- Name: computer Computer_pkey; Type: CONSTRAINT; Schema: public; Owner: postgres
--

ALTER TABLE ONLY public.computer
    ADD CONSTRAINT "Computer_pkey" PRIMARY KEY (id_computer);


--
-- TOC entry 2732 (class 2606 OID 24618)
-- Name: operation_system Operation_system_pkey; Type: CONSTRAINT; Schema: public; Owner: postgres
--

ALTER TABLE ONLY public.operation_system
    ADD CONSTRAINT "Operation_system_pkey" PRIMARY KEY (idos);


--
-- TOC entry 2730 (class 2606 OID 24613)
-- Name: peripheral_equipment Peripheral_equipment_pkey; Type: CONSTRAINT; Schema: public; Owner: postgres
--

ALTER TABLE ONLY public.peripheral_equipment
    ADD CONSTRAINT "Peripheral_equipment_pkey" PRIMARY KEY (id_peripheral_equipment);


--
-- TOC entry 2736 (class 2606 OID 24631)
-- Name: program Program_pkey; Type: CONSTRAINT; Schema: public; Owner: postgres
--

ALTER TABLE ONLY public.program
    ADD CONSTRAINT "Program_pkey" PRIMARY KEY (id_program);


--
-- TOC entry 2724 (class 2606 OID 24598)
-- Name: room Room_pkey; Type: CONSTRAINT; Schema: public; Owner: postgres
--

ALTER TABLE ONLY public.room
    ADD CONSTRAINT "Room_pkey" PRIMARY KEY (id_room);


--
-- TOC entry 2734 (class 2606 OID 24626)
-- Name: specialists Specialists_pkey; Type: CONSTRAINT; Schema: public; Owner: postgres
--

ALTER TABLE ONLY public.specialists
    ADD CONSTRAINT "Specialists_pkey" PRIMARY KEY (id_specialist);


--
-- TOC entry 2740 (class 2606 OID 40986)
-- Name: type_of_peripheral_equipment Type_of_peripheral_equipment_pkey; Type: CONSTRAINT; Schema: public; Owner: postgres
--

ALTER TABLE ONLY public.type_of_peripheral_equipment
    ADD CONSTRAINT "Type_of_peripheral_equipment_pkey" PRIMARY KEY (id_type_peripheral_equipment);


--
-- TOC entry 2738 (class 2606 OID 40976)
-- Name: type_of_the_office_equipment Type_of_the_office_equipment_pkey; Type: CONSTRAINT; Schema: public; Owner: postgres
--

ALTER TABLE ONLY public.type_of_the_office_equipment
    ADD CONSTRAINT "Type_of_the_office_equipment_pkey" PRIMARY KEY (id_type_office_equipment);


--
-- TOC entry 2726 (class 2606 OID 24603)
-- Name: office_equipment office_equipment_pkey; Type: CONSTRAINT; Schema: public; Owner: postgres
--

ALTER TABLE ONLY public.office_equipment
    ADD CONSTRAINT office_equipment_pkey PRIMARY KEY (id_office_equipment);


--
-- TOC entry 2742 (class 2606 OID 57360)
-- Name: software_installation software_installation_pkey; Type: CONSTRAINT; Schema: public; Owner: postgres
--

ALTER TABLE ONLY public.software_installation
    ADD CONSTRAINT software_installation_pkey PRIMARY KEY (software_installation_id);


--
-- TOC entry 2751 (class 2606 OID 32841)
-- Name: computer_os OS_fk2; Type: FK CONSTRAINT; Schema: public; Owner: postgres
--

ALTER TABLE ONLY public.computer_os
    ADD CONSTRAINT "OS_fk2" FOREIGN KEY (os_id) REFERENCES public.operation_system(idos) ON UPDATE CASCADE ON DELETE CASCADE;


--
-- TOC entry 2743 (class 2606 OID 32777)
-- Name: room buildibg_fk1; Type: FK CONSTRAINT; Schema: public; Owner: postgres
--

ALTER TABLE ONLY public.room
    ADD CONSTRAINT buildibg_fk1 FOREIGN KEY (id_building) REFERENCES public.building(id_building) ON UPDATE CASCADE ON DELETE CASCADE NOT VALID;


--
-- TOC entry 2748 (class 2606 OID 32823)
-- Name: computer_equipment computer_fk1; Type: FK CONSTRAINT; Schema: public; Owner: postgres
--

ALTER TABLE ONLY public.computer_equipment
    ADD CONSTRAINT computer_fk1 FOREIGN KEY (computer_id) REFERENCES public.computer(id_computer) ON UPDATE CASCADE ON DELETE CASCADE;


--
-- TOC entry 2750 (class 2606 OID 32836)
-- Name: computer_os computer_fk1; Type: FK CONSTRAINT; Schema: public; Owner: postgres
--

ALTER TABLE ONLY public.computer_os
    ADD CONSTRAINT computer_fk1 FOREIGN KEY (computer_id) REFERENCES public.computer(id_computer) ON UPDATE CASCADE ON DELETE CASCADE;


--
-- TOC entry 2752 (class 2606 OID 57361)
-- Name: software_installation computer_fk1; Type: FK CONSTRAINT; Schema: public; Owner: postgres
--

ALTER TABLE ONLY public.software_installation
    ADD CONSTRAINT computer_fk1 FOREIGN KEY (computer_id) REFERENCES public.computer(id_computer) ON UPDATE CASCADE ON DELETE CASCADE;


--
-- TOC entry 2749 (class 2606 OID 32828)
-- Name: computer_equipment peripheral_equipment_fk2; Type: FK CONSTRAINT; Schema: public; Owner: postgres
--

ALTER TABLE ONLY public.computer_equipment
    ADD CONSTRAINT peripheral_equipment_fk2 FOREIGN KEY (peripheral_equipment_id) REFERENCES public.peripheral_equipment(id_peripheral_equipment) ON UPDATE CASCADE ON DELETE CASCADE NOT VALID;


--
-- TOC entry 2753 (class 2606 OID 57366)
-- Name: software_installation program_fk2; Type: FK CONSTRAINT; Schema: public; Owner: postgres
--

ALTER TABLE ONLY public.software_installation
    ADD CONSTRAINT program_fk2 FOREIGN KEY (program_id) REFERENCES public.program(id_program) ON UPDATE CASCADE ON DELETE CASCADE NOT VALID;


--
-- TOC entry 2746 (class 2606 OID 32782)
-- Name: computer room_fk1; Type: FK CONSTRAINT; Schema: public; Owner: postgres
--

ALTER TABLE ONLY public.computer
    ADD CONSTRAINT room_fk1 FOREIGN KEY (id_room) REFERENCES public.room(id_room) ON UPDATE CASCADE ON DELETE CASCADE NOT VALID;


--
-- TOC entry 2744 (class 2606 OID 32787)
-- Name: office_equipment room_fk1; Type: FK CONSTRAINT; Schema: public; Owner: postgres
--

ALTER TABLE ONLY public.office_equipment
    ADD CONSTRAINT room_fk1 FOREIGN KEY (id_room) REFERENCES public.room(id_room) NOT VALID;


--
-- TOC entry 2754 (class 2606 OID 57371)
-- Name: software_installation specialists_fk3; Type: FK CONSTRAINT; Schema: public; Owner: postgres
--

ALTER TABLE ONLY public.software_installation
    ADD CONSTRAINT specialists_fk3 FOREIGN KEY (specialists_id) REFERENCES public.specialists(id_specialist) ON UPDATE CASCADE ON DELETE CASCADE NOT VALID;


--
-- TOC entry 2745 (class 2606 OID 40977)
-- Name: office_equipment type_office_equipment_fk2; Type: FK CONSTRAINT; Schema: public; Owner: postgres
--

ALTER TABLE ONLY public.office_equipment
    ADD CONSTRAINT type_office_equipment_fk2 FOREIGN KEY (id_type_office_equipment) REFERENCES public.type_of_the_office_equipment(id_type_office_equipment) ON UPDATE CASCADE ON DELETE CASCADE NOT VALID;


--
-- TOC entry 2747 (class 2606 OID 40987)
-- Name: peripheral_equipment type_peripheral_equipment_fk1; Type: FK CONSTRAINT; Schema: public; Owner: postgres
--

ALTER TABLE ONLY public.peripheral_equipment
    ADD CONSTRAINT type_peripheral_equipment_fk1 FOREIGN KEY (id_type_peripheral_equipment) REFERENCES public.type_of_peripheral_equipment(id_type_peripheral_equipment) NOT VALID;


-- Completed on 2021-06-09 20:30:51

--
-- PostgreSQL database dump complete
--

